{"weight":0.037384629249572757,"featureIndex":7,"threshold":31.130859375,"left":{"weight":0.12012112140655518,"featureIndex":0,"threshold":28.03125,"left":{"weight":0.13009321689605714,"featureIndex":2,"threshold":30.928905487060548,"left":{"weight":0.11801901459693909,"featureIndex":4,"threshold":119.322265625,"left":{"weight":0.012303724884986878,"featureIndex":1,"threshold":1.65234375,"left":{"aggregate":[41.0,0.0]},"right":{"aggregate":[40.0,1.0]}},"right":{"aggregate":[20.0,8.0]}},"right":{"aggregate":[33.0,27.0]}},"right":{"weight":0.026714622974395753,"featureIndex":5,"partition":[true,false,false,false,true,false,true,false,false,false,false,false,false,false,false,true,false,true,false,true,false,true,false,true,false,true,false,true,false,false,false],"left":{"aggregate":[9.0,34.0]},"right":{"weight":0.04627507925033569,"featureIndex":2,"threshold":28.04570198059082,"left":{"aggregate":[31.0,18.0]},"right":{"weight":0.03241044282913208,"featureIndex":5,"partition":[false,false,false,false,true,false,false,false,false,false,false,false,false,false,false,true,false,false,false,false,false,false,false,false,false,false,false,false,false,false,false],"left":{"weight":0.13755065202713014,"featureIndex":4,"threshold":158.189453125,"left":{"weight":0.12209916114807129,"featureIndex":4,"threshold":92.115234375,"left":{"aggregate":[10.0,1.0]},"right":{"weight":0.04114973545074463,"featureIndex":1,"threshold":294.1171875,"left":{"weight":0.038376569747924808,"featureIndex":2,"threshold":42.98593521118164,"left":{"aggregate":[24.0,40.0]},"right":{"aggregate":[0.0,4.0]}},"right":{"aggregate":[0.0,5.0]}}},"right":{"aggregate":[0.0,23.0]}},"right":{"aggregate":[9.0,5.0]}}}}},"right":{"weight":0.03949403762817383,"featureIndex":6,"threshold":75.05859375,"left":{"weight":0.050878286361694339,"featureIndex":2,"threshold":25.031444549560548,"left":{"aggregate":[3.0,0.0]},"right":{"weight":0.26385289430618288,"featureIndex":4,"threshold":142.25390625,"left":{"aggregate":[29.0,23.0]},"right":{"aggregate":[0.0,21.0]}}},"right":{"weight":0.058943748474121097,"featureIndex":0,"threshold":28.03125,"left":{"aggregate":[9.0,15.0]},"right":{"aggregate":[6.0,43.0]}}}}