{"weight":0.181077778339386,"featureIndex":4,"threshold":127.095703125,"left":{"weight":0.04950273036956787,"featureIndex":5,"partition":[false,false,false,false,true,false,true,false,true,false,true,false,true,false,false,false,false,false,false,false,false,true,false,true,false,true,false,true,false,true,false],"left":{"weight":0.07609617710113526,"featureIndex":2,"threshold":26.8662109375,"left":{"aggregate":[56.0,1.0]},"right":{"weight":0.016728758811950685,"featureIndex":7,"threshold":0.193359375,"left":{"aggregate":[19.0,13.0]},"right":{"weight":0.08589482307434082,"featureIndex":0,"threshold":25.1015625,"left":{"weight":0.0767657458782196,"featureIndex":2,"threshold":31.32206916809082,"left":{"aggregate":[26.0,0.0]},"right":{"aggregate":[35.0,7.0]}},"right":{"aggregate":[34.0,22.0]}}}},"right":{"weight":0.07466143369674683,"featureIndex":0,"threshold":56.0390625,"left":{"weight":0.08209437131881714,"featureIndex":3,"threshold":0.2015039026737213,"left":{"aggregate":[18.0,4.0]},"right":{"weight":0.07585173845291138,"featureIndex":2,"threshold":25.293554306030275,"left":{"aggregate":[9.0,2.0]},"right":{"weight":0.05603128671646118,"featureIndex":4,"threshold":99.111328125,"left":{"aggregate":[11.0,8.0]},"right":{"aggregate":[14.0,37.0]}}}},"right":{"aggregate":[9.0,0.0]}}},"right":{"weight":0.130468487739563,"featureIndex":4,"threshold":166.3515625,"left":{"weight":0.08492714166641236,"featureIndex":0,"threshold":23.109375,"left":{"aggregate":[17.0,8.0]},"right":{"weight":0.02522122859954834,"featureIndex":0,"threshold":53.109375,"left":{"weight":0.043555259704589847,"featureIndex":3,"threshold":0.7000937461853027,"left":{"weight":0.050573527812957767,"featureIndex":2,"threshold":45.08281326293945,"left":{"weight":0.10436534881591797,"featureIndex":5,"partition":[false,false,false,false,false,false,false,false,false,false,true,false,false,true,false,false,false,true,false,false,false,false,false,false,false,false,false,true,false,false,false],"left":{"aggregate":[22.0,41.0]},"right":{"aggregate":[0.0,15.0]}},"right":{"aggregate":[0.0,10.0]}},"right":{"aggregate":[1.0,24.0]}},"right":{"aggregate":[7.0,8.0]}}},"right":{"aggregate":[0.0,68.0]}}}