{"weight":0.08077168464660645,"featureIndex":0,"threshold":27.09375,"left":{"weight":0.1564866304397583,"featureIndex":2,"threshold":30.928905487060548,"left":{"weight":0.05326378345489502,"featureIndex":3,"threshold":0.25639453530311587,"left":{"aggregate":[34.0,0.0]},"right":{"aggregate":[51.0,7.0]}},"right":{"weight":0.05873614549636841,"featureIndex":3,"threshold":1.253574252128601,"left":{"weight":0.03305155038833618,"featureIndex":2,"threshold":42.72382736206055,"left":{"weight":0.14730632305145265,"featureIndex":4,"threshold":127.095703125,"left":{"aggregate":[43.0,14.0]},"right":{"aggregate":[8.0,20.0]}},"right":{"aggregate":[7.0,14.0]}},"right":{"aggregate":[0.0,6.0]}}},"right":{"weight":0.08778923749923706,"featureIndex":4,"threshold":142.25390625,"left":{"weight":0.06399750709533692,"featureIndex":4,"threshold":99.111328125,"left":{"aggregate":[33.0,10.0]},"right":{"weight":0.0589064359664917,"featureIndex":0,"threshold":62.015625,"left":{"weight":0.049683332443237308,"featureIndex":2,"threshold":26.2109375,"left":{"aggregate":[11.0,3.0]},"right":{"weight":0.09682172536849976,"featureIndex":3,"threshold":0.2015039026737213,"left":{"aggregate":[17.0,6.0]},"right":{"weight":0.05905270576477051,"featureIndex":5,"partition":[true,false,true,false,false,false,true,false,false,false,true,false,true,false,false,false,false,false,false,false,false,true,false,true,false,true,false,true,false,true,false],"left":{"aggregate":[16.0,19.0]},"right":{"weight":0.06914931535720825,"featureIndex":6,"threshold":66.00390625,"left":{"aggregate":[0.0,17.0]},"right":{"aggregate":[14.0,48.0]}}}}},"right":{"aggregate":[7.0,0.0]}}},"right":{"weight":0.029573380947113038,"featureIndex":4,"threshold":154.302734375,"left":{"aggregate":[10.0,27.0]},"right":{"weight":0.03873506188392639,"featureIndex":3,"threshold":1.3542070388793946,"left":{"weight":0.04777026176452637,"featureIndex":5,"partition":[true,false,true,false,false,false,false,false,false,false,false,false,false,false,false,true,false,false,false,true,false,true,false,true,false,true,false,true,false,false,false],"left":{"aggregate":[0.0,24.0]},"right":{"aggregate":[8.0,53.0]}},"right":{"aggregate":[1.0,0.0]}}}}}