{"weight":0.08578026294708252,"featureIndex":2,"threshold":28.1767578125,"left":{"weight":0.15032809972763062,"featureIndex":0,"threshold":27.09375,"left":{"weight":0.039635688066482547,"featureIndex":5,"partition":[false,true,false,false,false,false,false,false,false,false,false,false,false,false,false,false,false,true,false,false,false,false,false,false,false,false,false,false,false,false,false],"left":{"aggregate":[59.0,1.0]},"right":{"aggregate":[10.0,2.0]}},"right":{"weight":0.060301363468170169,"featureIndex":2,"threshold":26.2109375,"left":{"aggregate":[30.0,12.0]},"right":{"aggregate":[11.0,15.0]}}},"right":{"weight":0.062312960624694827,"featureIndex":0,"threshold":30.0234375,"left":{"weight":0.03821849822998047,"featureIndex":3,"threshold":0.7183906435966492,"left":{"weight":0.14709460735321046,"featureIndex":4,"threshold":127.095703125,"left":{"weight":0.035127103328704837,"featureIndex":7,"threshold":0.193359375,"left":{"aggregate":[9.0,7.0]},"right":{"weight":0.039046645164489749,"featureIndex":3,"threshold":0.4851054847240448,"left":{"aggregate":[47.0,6.0]},"right":{"aggregate":[18.0,8.0]}}},"right":{"aggregate":[19.0,39.0]}},"right":{"aggregate":[9.0,21.0]}},"right":{"weight":0.03499859571456909,"featureIndex":5,"partition":[false,false,false,false,false,false,false,false,false,false,false,false,false,false,false,true,false,true,false,true,false,true,false,true,false,false,false,false,false,false,false],"left":{"weight":0.15120583772659303,"featureIndex":4,"threshold":95.224609375,"left":{"aggregate":[11.0,3.0]},"right":{"weight":0.05246731638908386,"featureIndex":3,"threshold":0.3936210870742798,"left":{"aggregate":[11.0,39.0]},"right":{"weight":0.03637285530567169,"featureIndex":6,"threshold":66.00390625,"left":{"aggregate":[2.0,11.0]},"right":{"aggregate":[1.0,53.0]}}}},"right":{"weight":0.12019973993301392,"featureIndex":4,"threshold":109.216796875,"left":{"aggregate":[17.0,7.0]},"right":{"aggregate":[16.0,44.0]}}}}}