{"weight":0.09040331840515137,"featureIndex":2,"threshold":26.2109375,"left":{"weight":0.12146806716918946,"featureIndex":0,"threshold":31.078125,"left":{"weight":0.05436362326145172,"featureIndex":4,"threshold":105.330078125,"left":{"aggregate":[41.0,0.0]},"right":{"aggregate":[27.0,3.0]}},"right":{"aggregate":[19.0,11.0]}},"right":{"weight":0.07113850116729737,"featureIndex":0,"threshold":28.03125,"left":{"weight":0.18543052673339845,"featureIndex":4,"threshold":127.095703125,"left":{"weight":0.06774425506591797,"featureIndex":2,"threshold":30.928905487060548,"left":{"aggregate":[32.0,1.0]},"right":{"weight":0.04972231388092041,"featureIndex":6,"threshold":30.0234375,"left":{"aggregate":[0.0,2.0]},"right":{"weight":0.03959125280380249,"featureIndex":3,"threshold":0.49882811307907107,"left":{"aggregate":[37.0,7.0]},"right":{"aggregate":[21.0,12.0]}}}},"right":{"weight":0.10127812623977661,"featureIndex":4,"threshold":165.185546875,"left":{"aggregate":[19.0,29.0]},"right":{"aggregate":[1.0,18.0]}}},"right":{"weight":0.02706211805343628,"featureIndex":3,"threshold":0.5125507712364197,"left":{"weight":0.06865358352661133,"featureIndex":5,"partition":[true,false,true,false,false,false,false,false,false,false,false,false,true,true,false,false,false,false,false,false,false,true,false,false,false,true,false,true,false,false,false],"left":{"weight":0.17609107494354249,"featureIndex":4,"threshold":162.076171875,"left":{"weight":0.042894840240478519,"featureIndex":6,"threshold":58.140625,"left":{"aggregate":[4.0,0.0]},"right":{"weight":0.1030237078666687,"featureIndex":4,"threshold":106.107421875,"left":{"aggregate":[19.0,4.0]},"right":{"aggregate":[20.0,25.0]}}},"right":{"aggregate":[0.0,13.0]}},"right":{"weight":0.06543970108032227,"featureIndex":0,"threshold":59.0859375,"left":{"weight":0.03738445043563843,"featureIndex":6,"threshold":62.19140625,"left":{"aggregate":[0.0,8.0]},"right":{"aggregate":[13.0,48.0]}},"right":{"aggregate":[2.0,0.0]}}},"right":{"weight":0.02213674783706665,"featureIndex":1,"threshold":601.453125,"left":{"weight":0.06856495141983032,"featureIndex":4,"threshold":89.005859375,"left":{"aggregate":[5.0,2.0]},"right":{"weight":0.03285902738571167,"featureIndex":4,"threshold":173.34765625,"left":{"weight":0.14515405893325807,"featureIndex":5,"partition":[false,false,false,false,true,false,true,false,true,false,true,false,false,false,true,false,false,true,false,false,false,false,false,false,false,false,false,true,false,true,false],"left":{"aggregate":[15.0,37.0]},"right":{"aggregate":[0.0,35.0]}},"right":{"aggregate":[0.0,13.0]}}},"right":{"aggregate":[1.0,0.0]}}}}}