{"weight":0.0370747447013855,"featureIndex":5,"partition":[false,false,false,false,false,false,false,false,false,false,false,false,true,true,true,false,false,false,false,true,false,true,false,false,false,true,false,true,false,true,false],"left":{"weight":0.14786750078201295,"featureIndex":4,"threshold":123.208984375,"left":{"weight":0.09484970569610596,"featureIndex":2,"threshold":26.604101181030275,"left":{"aggregate":[62.0,2.0]},"right":{"weight":0.05927920341491699,"featureIndex":0,"threshold":29.0859375,"left":{"weight":0.054485023021698,"featureIndex":6,"threshold":30.0234375,"left":{"aggregate":[0.0,2.0]},"right":{"weight":0.019776463508605958,"featureIndex":6,"threshold":86.01953125,"left":{"weight":0.14284157752990724,"featureIndex":2,"threshold":30.928905487060548,"left":{"aggregate":[26.0,0.0]},"right":{"aggregate":[35.0,16.0]}},"right":{"aggregate":[5.0,0.0]}}},"right":{"aggregate":[27.0,26.0]}}},"right":{"weight":0.05447530746459961,"featureIndex":4,"threshold":153.13671875,"left":{"weight":0.12642008066177369,"featureIndex":2,"threshold":27.39042854309082,"left":{"aggregate":[16.0,3.0]},"right":{"weight":0.09039568901062012,"featureIndex":0,"threshold":24.046875,"left":{"aggregate":[12.0,7.0]},"right":{"aggregate":[14.0,46.0]}}},"right":{"aggregate":[11.0,53.0]}}},"right":{"weight":0.123130202293396,"featureIndex":4,"threshold":147.306640625,"left":{"weight":0.1020975112915039,"featureIndex":4,"threshold":96.001953125,"left":{"aggregate":[17.0,3.0]},"right":{"weight":0.08051759004592896,"featureIndex":3,"threshold":0.46680858731269839,"left":{"aggregate":[30.0,32.0]},"right":{"aggregate":[5.0,27.0]}}},"right":{"aggregate":[4.0,51.0]}}}