{"weight":0.14733928442001344,"featureIndex":4,"threshold":127.095703125,"left":{"weight":0.11884737014770508,"featureIndex":0,"threshold":28.03125,"left":{"weight":0.030846714973449708,"featureIndex":6,"threshold":80.0625,"left":{"weight":0.02613610029220581,"featureIndex":0,"threshold":22.0546875,"left":{"weight":0.08589404821395874,"featureIndex":4,"threshold":102.220703125,"left":{"aggregate":[46.0,0.0]},"right":{"aggregate":[16.0,3.0]}},"right":{"weight":0.09322488307952881,"featureIndex":2,"threshold":30.928905487060548,"left":{"aggregate":[39.0,1.0]},"right":{"aggregate":[38.0,14.0]}}},"right":{"aggregate":[6.0,5.0]}},"right":{"weight":0.10548245906829834,"featureIndex":2,"threshold":26.2109375,"left":{"aggregate":[20.0,2.0]},"right":{"weight":0.06629186868667603,"featureIndex":4,"threshold":94.05859375,"left":{"aggregate":[16.0,6.0]},"right":{"weight":0.05346423387527466,"featureIndex":2,"threshold":27.652538299560548,"left":{"aggregate":[0.0,8.0]},"right":{"weight":0.06499189138412476,"featureIndex":6,"threshold":86.01953125,"left":{"weight":0.21254122257232667,"featureIndex":3,"threshold":0.4896796941757202,"left":{"aggregate":[22.0,27.0]},"right":{"aggregate":[0.0,23.0]}},"right":{"aggregate":[11.0,5.0]}}}}}},"right":{"weight":0.0829954743385315,"featureIndex":2,"threshold":29.880468368530275,"left":{"aggregate":[27.0,23.0]},"right":{"weight":0.03577697277069092,"featureIndex":6,"threshold":60.046875,"left":{"aggregate":[0.0,23.0]},"right":{"weight":0.07221907377243042,"featureIndex":5,"partition":[true,false,true,false,false,false,false,false,true,false,true,false,false,false,false,true,false,true,false,true,false,true,false,true,false,true,false,false,false,false,false],"left":{"aggregate":[0.0,33.0]},"right":{"weight":0.03354370594024658,"featureIndex":1,"threshold":579.97265625,"left":{"weight":0.05587291717529297,"featureIndex":3,"threshold":0.3067109286785126,"left":{"aggregate":[16.0,24.0]},"right":{"weight":0.0781441330909729,"featureIndex":4,"threshold":173.34765625,"left":{"aggregate":[12.0,47.0]},"right":{"aggregate":[0.0,24.0]}}},"right":{"aggregate":[2.0,0.0]}}}}}}