{"weight":0.11948996782302857,"featureIndex":4,"threshold":106.107421875,"left":{"weight":0.07905131578445435,"featureIndex":0,"threshold":25.1015625,"left":{"weight":0.11075782775878906,"featureIndex":2,"threshold":33.4189453125,"left":{"aggregate":[47.0,0.0]},"right":{"aggregate":[16.0,4.0]}},"right":{"weight":0.04125809669494629,"featureIndex":5,"partition":[false,false,false,false,true,false,false,false,true,false,true,false,true,false,false,true,false,false,false,true,false,true,false,false,false,true,false,false,false,true,false],"left":{"aggregate":[40.0,11.0]},"right":{"aggregate":[23.0,18.0]}}},"right":{"weight":0.07880598306655884,"featureIndex":2,"threshold":27.39042854309082,"left":{"weight":0.1671026349067688,"featureIndex":4,"threshold":140.310546875,"left":{"aggregate":[41.0,8.0]},"right":{"aggregate":[5.0,11.0]}},"right":{"weight":0.06184518337249756,"featureIndex":4,"threshold":157.0234375,"left":{"weight":0.032159507274627689,"featureIndex":1,"threshold":1.65234375,"left":{"weight":0.06795436143875122,"featureIndex":2,"threshold":41.41328048706055,"left":{"weight":0.09337341785430908,"featureIndex":2,"threshold":34.46738052368164,"left":{"aggregate":[10.0,45.0]},"right":{"aggregate":[15.0,13.0]}},"right":{"aggregate":[0.0,14.0]}},"right":{"weight":0.08592480421066284,"featureIndex":4,"threshold":127.095703125,"left":{"aggregate":[34.0,19.0]},"right":{"aggregate":[18.0,42.0]}}},"right":{"weight":0.03542885184288025,"featureIndex":2,"threshold":29.880468368530275,"left":{"aggregate":[2.0,2.0]},"right":{"weight":0.04177173972129822,"featureIndex":3,"threshold":1.1575156450271607,"left":{"weight":0.02657654881477356,"featureIndex":5,"partition":[true,false,false,false,false,false,false,false,false,false,false,false,false,true,false,false,false,false,false,false,false,false,false,true,false,true,false,false,false,false,false],"left":{"aggregate":[1.0,50.0]},"right":{"aggregate":[3.0,24.0]}},"right":{"aggregate":[3.0,7.0]}}}}}}