{"weight":0.13286936283111573,"featureIndex":4,"threshold":154.302734375,"left":{"weight":0.0689268708229065,"featureIndex":0,"threshold":30.0234375,"left":{"weight":0.03228479623794556,"featureIndex":7,"threshold":31.130859375,"left":{"weight":0.11300766468048096,"featureIndex":4,"threshold":111.16015625,"left":{"weight":0.06446079909801483,"featureIndex":3,"threshold":0.6589257717132568,"left":{"weight":0.01698458194732666,"featureIndex":0,"threshold":28.03125,"left":{"weight":0.010344021022319794,"featureIndex":1,"threshold":1.65234375,"left":{"aggregate":[37.0,0.0]},"right":{"aggregate":[45.0,1.0]}},"right":{"aggregate":[8.0,1.0]}},"right":{"aggregate":[11.0,4.0]}},"right":{"weight":0.110615074634552,"featureIndex":6,"threshold":0.23828125,"left":{"aggregate":[1.0,8.0]},"right":{"weight":0.09555691480636597,"featureIndex":2,"threshold":25.293554306030275,"left":{"aggregate":[12.0,0.0]},"right":{"aggregate":[38.0,21.0]}}}},"right":{"aggregate":[35.0,24.0]}},"right":{"weight":0.04265624284744263,"featureIndex":4,"threshold":99.111328125,"left":{"aggregate":[26.0,10.0]},"right":{"weight":0.03373843431472778,"featureIndex":5,"partition":[true,false,true,false,true,false,true,false,false,false,true,false,true,true,false,false,false,false,false,true,false,false,false,true,false,true,false,true,false,true,false],"left":{"aggregate":[23.0,15.0]},"right":{"weight":0.03905642032623291,"featureIndex":0,"threshold":56.0390625,"left":{"weight":0.12101858854293823,"featureIndex":2,"threshold":26.07988166809082,"left":{"aggregate":[10.0,1.0]},"right":{"weight":0.02376657724380493,"featureIndex":0,"threshold":51.1171875,"left":{"weight":0.05325913429260254,"featureIndex":3,"threshold":0.5125507712364197,"left":{"aggregate":[21.0,38.0]},"right":{"aggregate":[5.0,36.0]}},"right":{"aggregate":[0.0,6.0]}}},"right":{"aggregate":[10.0,5.0]}}}}},"right":{"weight":0.04534494876861572,"featureIndex":5,"partition":[false,false,false,false,false,false,true,false,false,false,true,false,true,false,true,false,false,false,false,false,false,false,false,true,false,false,false,true,false,true,false],"left":{"weight":0.04408752918243408,"featureIndex":3,"threshold":0.34330469369888308,"left":{"aggregate":[8.0,23.0]},"right":{"aggregate":[4.0,49.0]}},"right":{"aggregate":[0.0,26.0]}}}