{"weight":0.08270442485809326,"featureIndex":0,"threshold":27.09375,"left":{"weight":0.15300148725509644,"featureIndex":2,"threshold":28.70097541809082,"left":{"weight":0.02146589756011963,"featureIndex":0,"threshold":21.1171875,"left":{"aggregate":[22.0,0.0]},"right":{"aggregate":[58.0,4.0]}},"right":{"weight":0.06689697504043579,"featureIndex":3,"threshold":1.253574252128601,"left":{"weight":0.21573537588119508,"featureIndex":4,"threshold":126.318359375,"left":{"weight":0.0576169490814209,"featureIndex":6,"threshold":30.0234375,"left":{"aggregate":[0.0,2.0]},"right":{"weight":0.04727733135223389,"featureIndex":2,"threshold":30.928905487060548,"left":{"aggregate":[11.0,0.0]},"right":{"weight":0.0412561297416687,"featureIndex":5,"partition":[true,false,false,false,false,false,false,false,false,false,false,false,false,false,false,true,false,true,false,true,false,true,false,false,false,false,false,false,false,false,false],"left":{"aggregate":[15.0,1.0]},"right":{"aggregate":[37.0,14.0]}}}},"right":{"aggregate":[10.0,33.0]}},"right":{"aggregate":[0.0,7.0]}}},"right":{"weight":0.040797531604766849,"featureIndex":2,"threshold":26.2109375,"left":{"aggregate":[27.0,12.0]},"right":{"weight":0.043956637382507327,"featureIndex":1,"threshold":140.44921875,"left":{"weight":0.035346388816833499,"featureIndex":0,"threshold":30.0234375,"left":{"aggregate":[24.0,14.0]},"right":{"weight":0.03401005268096924,"featureIndex":5,"partition":[true,false,false,false,true,false,true,false,true,false,true,false,false,false,false,true,false,true,false,false,false,true,false,true,false,false,false,true,false,false,false],"left":{"weight":0.0775003433227539,"featureIndex":3,"threshold":0.7687070369720459,"left":{"aggregate":[15.0,40.0]},"right":{"aggregate":[0.0,13.0]}},"right":{"weight":0.03707379102706909,"featureIndex":0,"threshold":56.0390625,"left":{"weight":0.06535571813583374,"featureIndex":0,"threshold":49.0078125,"left":{"weight":0.06808215379714966,"featureIndex":2,"threshold":40.889060974121097,"left":{"weight":0.11447739601135254,"featureIndex":4,"threshold":100.27734375,"left":{"aggregate":[14.0,3.0]},"right":{"aggregate":[20.0,34.0]}},"right":{"aggregate":[1.0,11.0]}},"right":{"aggregate":[0.0,8.0]}},"right":{"aggregate":[10.0,4.0]}}}},"right":{"weight":0.0959826111793518,"featureIndex":6,"threshold":74.10546875,"left":{"aggregate":[11.0,30.0]},"right":{"aggregate":[1.0,38.0]}}}}}