{"weight":0.16191798448562623,"featureIndex":4,"threshold":130.205078125,"left":{"weight":0.07461780309677124,"featureIndex":4,"threshold":99.111328125,"left":{"weight":0.10039839148521424,"featureIndex":2,"threshold":27.521484375,"left":{"aggregate":[40.0,0.0]},"right":{"weight":0.09516847133636475,"featureIndex":1,"threshold":127.23046875,"left":{"weight":0.08331882953643799,"featureIndex":0,"threshold":25.1015625,"left":{"aggregate":[26.0,1.0]},"right":{"aggregate":[30.0,12.0]}},"right":{"aggregate":[0.0,3.0]}}},"right":{"weight":0.059769272804260257,"featureIndex":5,"partition":[true,false,true,false,false,false,false,false,true,false,false,false,false,false,false,true,false,true,false,true,false,true,false,true,false,false,false,false,false,false,false],"left":{"aggregate":[14.0,34.0]},"right":{"weight":0.04134339094161987,"featureIndex":3,"threshold":0.5079765915870667,"left":{"weight":0.06526464223861695,"featureIndex":4,"threshold":111.16015625,"left":{"aggregate":[32.0,4.0]},"right":{"aggregate":[38.0,23.0]}},"right":{"aggregate":[30.0,32.0]}}}},"right":{"weight":0.06785917282104492,"featureIndex":2,"threshold":30.01152229309082,"left":{"aggregate":[18.0,24.0]},"right":{"weight":0.044448524713516238,"featureIndex":4,"threshold":155.080078125,"left":{"weight":0.07159405946731568,"featureIndex":6,"threshold":65.05078125,"left":{"aggregate":[0.0,13.0]},"right":{"aggregate":[14.0,41.0]}},"right":{"weight":0.03998814523220062,"featureIndex":2,"threshold":45.475975036621097,"left":{"weight":0.003621116280555725,"featureIndex":3,"threshold":0.16948437690734864,"left":{"aggregate":[0.0,7.0]},"right":{"weight":0.03401602804660797,"featureIndex":3,"threshold":1.258148431777954,"left":{"weight":0.04221435636281967,"featureIndex":3,"threshold":0.2746914029121399,"left":{"aggregate":[1.0,9.0]},"right":{"aggregate":[0.0,56.0]}},"right":{"aggregate":[1.0,3.0]}}},"right":{"aggregate":[2.0,6.0]}}}}}