{"weight":0.15288126468658448,"featureIndex":4,"threshold":123.208984375,"left":{"weight":0.0922960638999939,"featureIndex":2,"threshold":26.2109375,"left":{"weight":0.023774385452270509,"featureIndex":3,"threshold":0.25639453530311587,"left":{"aggregate":[31.0,0.0]},"right":{"aggregate":[38.0,2.0]}},"right":{"weight":0.035178184509277347,"featureIndex":3,"threshold":0.6543515920639038,"left":{"weight":0.0829474925994873,"featureIndex":0,"threshold":30.0234375,"left":{"weight":0.07938408851623535,"featureIndex":2,"threshold":45.2138671875,"left":{"weight":0.028577566146850587,"featureIndex":2,"threshold":38.267967224121097,"left":{"weight":0.05988544225692749,"featureIndex":4,"threshold":111.16015625,"left":{"aggregate":[58.0,6.0]},"right":{"aggregate":[15.0,8.0]}},"right":{"aggregate":[12.0,0.0]}},"right":{"aggregate":[0.0,3.0]}},"right":{"aggregate":[33.0,31.0]}},"right":{"aggregate":[26.0,30.0]}}},"right":{"weight":0.07054179906845093,"featureIndex":2,"threshold":29.880468368530275,"left":{"aggregate":[33.0,29.0]},"right":{"weight":0.04177236557006836,"featureIndex":0,"threshold":28.03125,"left":{"weight":0.07509112358093262,"featureIndex":3,"threshold":0.17863281071186067,"left":{"aggregate":[3.0,0.0]},"right":{"aggregate":[19.0,45.0]}},"right":{"weight":0.05725404620170593,"featureIndex":3,"threshold":0.38904687762260439,"left":{"aggregate":[13.0,45.0]},"right":{"weight":0.03098653256893158,"featureIndex":2,"threshold":39.84062576293945,"left":{"aggregate":[1.0,56.0]},"right":{"aggregate":[2.0,13.0]}}}}}}