{"weight":0.09598058462142945,"featureIndex":2,"threshold":28.83203125,"left":{"weight":0.10897135734558106,"featureIndex":5,"partition":[false,false,false,false,true,false,true,false,true,false,true,false,false,false,false,false,false,false,false,false,false,false,false,true,false,true,false,true,false,true,false],"left":{"weight":0.10069426894187927,"featureIndex":0,"threshold":26.0390625,"left":{"weight":0.019467726349830629,"featureIndex":6,"threshold":62.19140625,"left":{"aggregate":[43.0,2.0]},"right":{"aggregate":[28.0,0.0]}},"right":{"aggregate":[31.0,12.0]}},"right":{"aggregate":[22.0,22.0]}},"right":{"weight":0.02276521921157837,"featureIndex":2,"threshold":47.96601486206055,"left":{"weight":0.06160569190979004,"featureIndex":0,"threshold":30.0234375,"left":{"weight":0.043982744216918948,"featureIndex":3,"threshold":0.6269062757492065,"left":{"weight":0.1476142406463623,"featureIndex":4,"threshold":127.095703125,"left":{"weight":0.039765775203704837,"featureIndex":4,"threshold":101.0546875,"left":{"aggregate":[29.0,3.0]},"right":{"aggregate":[29.0,11.0]}},"right":{"aggregate":[17.0,30.0]}},"right":{"aggregate":[16.0,29.0]}},"right":{"weight":0.03420943021774292,"featureIndex":5,"partition":[false,false,false,false,false,false,true,false,true,false,true,false,false,false,false,true,false,true,false,true,false,true,false,true,false,true,false,false,false,false,false],"left":{"weight":0.15014860033988954,"featureIndex":4,"threshold":126.318359375,"left":{"aggregate":[11.0,21.0]},"right":{"aggregate":[1.0,46.0]}},"right":{"weight":0.11275482177734375,"featureIndex":4,"threshold":143.03125,"left":{"weight":0.02500373125076294,"featureIndex":6,"threshold":90.0703125,"left":{"weight":0.07793688774108887,"featureIndex":3,"threshold":0.7687070369720459,"left":{"weight":0.055749475955963138,"featureIndex":1,"threshold":231.328125,"left":{"aggregate":[36.0,26.0]},"right":{"aggregate":[0.0,3.0]}},"right":{"aggregate":[1.0,9.0]}},"right":{"aggregate":[0.0,2.0]}},"right":{"aggregate":[5.0,40.0]}}}},"right":{"aggregate":[0.0,12.0]}}}