{"weight":0.032644450664520267,"featureIndex":5,"partition":[false,false,false,false,true,false,true,false,false,false,true,false,true,true,false,false,false,false,false,true,false,true,false,true,false,true,false,true,false,true,false],"left":{"weight":0.07971620559692383,"featureIndex":0,"threshold":27.09375,"left":{"weight":0.16399776935577393,"featureIndex":2,"threshold":30.928905487060548,"left":{"weight":0.10460880398750305,"featureIndex":4,"threshold":126.318359375,"left":{"weight":0.01316291093826294,"featureIndex":1,"threshold":1.65234375,"left":{"aggregate":[32.0,0.0]},"right":{"aggregate":[36.0,1.0]}},"right":{"aggregate":[12.0,5.0]}},"right":{"weight":0.18072587251663209,"featureIndex":4,"threshold":127.095703125,"left":{"aggregate":[40.0,15.0]},"right":{"aggregate":[9.0,30.0]}}},"right":{"weight":0.17531418800354005,"featureIndex":4,"threshold":120.099609375,"left":{"aggregate":[28.0,13.0]},"right":{"weight":0.07799655199050904,"featureIndex":3,"threshold":0.2015039026737213,"left":{"aggregate":[4.0,2.0]},"right":{"aggregate":[9.0,52.0]}}}},"right":{"weight":0.03201615810394287,"featureIndex":1,"threshold":140.44921875,"left":{"weight":0.10013645887374878,"featureIndex":4,"threshold":99.111328125,"left":{"aggregate":[29.0,7.0]},"right":{"weight":0.07931524515151978,"featureIndex":2,"threshold":27.128318786621095,"left":{"aggregate":[21.0,11.0]},"right":{"weight":0.06188482046127319,"featureIndex":3,"threshold":0.4347890615463257,"left":{"weight":0.05420041084289551,"featureIndex":4,"threshold":106.107421875,"left":{"aggregate":[7.0,3.0]},"right":{"weight":0.05014920234680176,"featureIndex":2,"threshold":45.08281326293945,"left":{"aggregate":[20.0,40.0]},"right":{"aggregate":[0.0,6.0]}}},"right":{"aggregate":[5.0,43.0]}}}},"right":{"aggregate":[9.0,40.0]}}}