{"weight":0.13554632663726808,"featureIndex":4,"threshold":132.1484375,"left":{"weight":0.055326223373413089,"featureIndex":4,"threshold":99.111328125,"left":{"weight":0.11103165149688721,"featureIndex":2,"threshold":27.39042854309082,"left":{"aggregate":[37.0,0.0]},"right":{"weight":0.06040537357330322,"featureIndex":4,"threshold":89.005859375,"left":{"aggregate":[38.0,7.0]},"right":{"aggregate":[12.0,9.0]}}},"right":{"weight":0.016560912132263185,"featureIndex":4,"threshold":111.16015625,"left":{"weight":0.14230012893676759,"featureIndex":2,"threshold":26.473045349121095,"left":{"aggregate":[25.0,1.0]},"right":{"weight":0.2924307584762573,"featureIndex":5,"partition":[true,false,true,false,false,false,false,false,false,false,true,false,false,false,false,true,false,true,false,true,false,true,false,true,false,false,false,false,false,true,false],"left":{"aggregate":[0.0,14.0]},"right":{"aggregate":[36.0,16.0]}}},"right":{"weight":0.11626720428466797,"featureIndex":0,"threshold":27.09375,"left":{"aggregate":[43.0,15.0]},"right":{"weight":0.06798738241195679,"featureIndex":5,"partition":[true,false,true,false,false,false,true,false,false,false,true,false,false,false,false,false,false,false,false,false,false,false,false,true,false,true,false,false,false,true,false],"left":{"aggregate":[20.0,22.0]},"right":{"aggregate":[7.0,30.0]}}}}},"right":{"weight":0.05037647485733032,"featureIndex":3,"threshold":0.3067109286785126,"left":{"weight":0.10209274291992188,"featureIndex":4,"threshold":180.34375,"left":{"aggregate":[26.0,35.0]},"right":{"aggregate":[0.0,10.0]}},"right":{"weight":0.0827324390411377,"featureIndex":2,"threshold":29.749412536621095,"left":{"aggregate":[9.0,12.0]},"right":{"weight":0.06275889277458191,"featureIndex":6,"threshold":80.0625,"left":{"weight":0.0014209747314453126,"featureIndex":3,"threshold":0.34330469369888308,"left":{"aggregate":[0.0,4.0]},"right":{"aggregate":[1.0,60.0]}},"right":{"aggregate":[7.0,33.0]}}}}}