{"weight":0.1382988691329956,"featureIndex":4,"threshold":143.03125,"left":{"weight":0.08247244358062744,"featureIndex":2,"threshold":26.997264862060548,"left":{"weight":0.09825414419174195,"featureIndex":4,"threshold":105.330078125,"left":{"aggregate":[44.0,0.0]},"right":{"aggregate":[32.0,7.0]}},"right":{"weight":0.06633096933364868,"featureIndex":0,"threshold":30.0234375,"left":{"weight":0.06704550981521607,"featureIndex":4,"threshold":127.095703125,"left":{"weight":0.07004433870315552,"featureIndex":2,"threshold":45.34492111206055,"left":{"weight":0.036625683307647708,"featureIndex":4,"threshold":103.38671875,"left":{"aggregate":[49.0,6.0]},"right":{"weight":0.06270867586135864,"featureIndex":1,"threshold":74.35546875,"left":{"aggregate":[17.0,13.0]},"right":{"aggregate":[30.0,6.0]}}},"right":{"aggregate":[0.0,4.0]}},"right":{"aggregate":[12.0,18.0]}},"right":{"weight":0.0691787600517273,"featureIndex":4,"threshold":107.2734375,"left":{"aggregate":[33.0,23.0]},"right":{"weight":0.03260159492492676,"featureIndex":2,"threshold":45.08281326293945,"left":{"weight":0.10336750745773316,"featureIndex":3,"threshold":0.5491445064544678,"left":{"aggregate":[23.0,33.0]},"right":{"aggregate":[2.0,26.0]}},"right":{"aggregate":[0.0,6.0]}}}}},"right":{"weight":0.027805328369140626,"featureIndex":2,"threshold":30.01152229309082,"left":{"aggregate":[9.0,19.0]},"right":{"weight":0.04577416181564331,"featureIndex":5,"partition":[false,false,false,false,true,false,true,false,true,false,true,false,true,false,true,false,false,false,false,false,false,false,false,false,false,false,false,true,false,true,false],"left":{"weight":0.03591400384902954,"featureIndex":6,"threshold":60.046875,"left":{"aggregate":[0.0,13.0]},"right":{"weight":0.032585859298706058,"featureIndex":3,"threshold":0.6909453272819519,"left":{"aggregate":[14.0,49.0]},"right":{"aggregate":[1.0,19.0]}}},"right":{"aggregate":[0.0,26.0]}}}}