{"weight":0.07678693532943726,"featureIndex":0,"threshold":28.03125,"left":{"weight":0.1697506308555603,"featureIndex":4,"threshold":130.205078125,"left":{"weight":0.03591609001159668,"featureIndex":5,"partition":[false,false,true,false,false,false,false,false,false,false,false,false,false,false,false,true,false,false,false,true,false,false,false,true,false,false,false,false,false,false,false],"left":{"aggregate":[43.0,17.0]},"right":{"weight":0.13600972294807435,"featureIndex":2,"threshold":32.1083984375,"left":{"aggregate":[58.0,0.0]},"right":{"aggregate":[35.0,11.0]}}},"right":{"aggregate":[20.0,43.0]}},"right":{"weight":0.11041730642318726,"featureIndex":4,"threshold":143.03125,"left":{"weight":0.05497020483016968,"featureIndex":1,"threshold":140.44921875,"left":{"weight":0.04631388187408447,"featureIndex":0,"threshold":56.0390625,"left":{"weight":0.0331730842590332,"featureIndex":3,"threshold":1.0248632431030274,"left":{"weight":0.026252269744873048,"featureIndex":3,"threshold":0.10087109357118607,"left":{"aggregate":[4.0,0.0]},"right":{"weight":0.07831794023513794,"featureIndex":4,"threshold":94.05859375,"left":{"aggregate":[22.0,4.0]},"right":{"weight":0.03914785385131836,"featureIndex":4,"threshold":122.04296875,"left":{"weight":0.0769340991973877,"featureIndex":2,"threshold":26.2109375,"left":{"aggregate":[9.0,1.0]},"right":{"aggregate":[27.0,30.0]}},"right":{"aggregate":[13.0,30.0]}}}},"right":{"aggregate":[1.0,8.0]}},"right":{"aggregate":[16.0,2.0]}},"right":{"aggregate":[6.0,26.0]}},"right":{"weight":0.045463621616363528,"featureIndex":3,"threshold":0.3295820355415344,"left":{"aggregate":[9.0,30.0]},"right":{"weight":0.034016042947769168,"featureIndex":1,"threshold":495.703125,"left":{"weight":0.053953081369400027,"featureIndex":2,"threshold":33.681053161621097,"left":{"aggregate":[3.0,27.0]},"right":{"aggregate":[0.0,38.0]}},"right":{"aggregate":[1.0,1.0]}}}}}