{"weight":0.14428186416625977,"featureIndex":4,"threshold":117.37890625,"left":{"weight":0.043365538120269778,"featureIndex":3,"threshold":0.6589257717132568,"left":{"weight":0.07306194305419922,"featureIndex":4,"threshold":101.0546875,"left":{"weight":0.027975887060165407,"featureIndex":1,"threshold":140.44921875,"left":{"weight":0.07939130067825318,"featureIndex":2,"threshold":29.094139099121095,"left":{"aggregate":[60.0,0.0]},"right":{"aggregate":[51.0,9.0]}},"right":{"aggregate":[2.0,2.0]}},"right":{"weight":0.13769888877868653,"featureIndex":5,"partition":[true,false,true,false,false,false,true,false,false,false,true,false,false,false,false,true,false,true,false,true,false,true,false,true,false,false,false,false,false,true,false],"left":{"aggregate":[1.0,9.0]},"right":{"weight":0.1179690957069397,"featureIndex":2,"threshold":28.83203125,"left":{"aggregate":[23.0,1.0]},"right":{"aggregate":[29.0,18.0]}}}},"right":{"aggregate":[29.0,25.0]}},"right":{"weight":0.05574387311935425,"featureIndex":2,"threshold":29.749412536621095,"left":{"weight":0.05857735872268677,"featureIndex":4,"threshold":151.193359375,"left":{"aggregate":[33.0,19.0]},"right":{"aggregate":[6.0,13.0]}},"right":{"weight":0.09286785125732422,"featureIndex":4,"threshold":157.0234375,"left":{"weight":0.046446382999420169,"featureIndex":0,"threshold":42.09375,"left":{"weight":0.0724571943283081,"featureIndex":2,"threshold":41.41328048706055,"left":{"weight":0.08704453706741333,"featureIndex":1,"threshold":194.9765625,"left":{"aggregate":[26.0,37.0]},"right":{"aggregate":[14.0,3.0]}},"right":{"aggregate":[4.0,22.0]}},"right":{"aggregate":[5.0,29.0]}},"right":{"weight":0.07667098939418793,"featureIndex":5,"partition":[false,false,true,false,false,false,false,false,false,false,true,false,true,false,true,true,false,false,false,true,false,true,false,false,false,true,false,true,false,true,false],"left":{"aggregate":[5.0,31.0]},"right":{"aggregate":[0.0,50.0]}}}}}