{"weight":0.09187239408493042,"featureIndex":2,"threshold":28.1767578125,"left":{"weight":0.13543909788131715,"featureIndex":0,"threshold":26.0390625,"left":{"weight":0.04021236300468445,"featureIndex":4,"threshold":105.330078125,"left":{"aggregate":[42.0,0.0]},"right":{"aggregate":[25.0,2.0]}},"right":{"weight":0.16637736558914185,"featureIndex":4,"threshold":145.36328125,"left":{"aggregate":[49.0,15.0]},"right":{"aggregate":[3.0,13.0]}}},"right":{"weight":0.014550745487213135,"featureIndex":6,"threshold":40.03125,"left":{"aggregate":[2.0,16.0]},"right":{"weight":0.11729919910430908,"featureIndex":4,"threshold":154.302734375,"left":{"weight":0.04851728677749634,"featureIndex":5,"partition":[false,false,false,false,true,false,true,false,false,false,false,false,true,true,false,false,false,false,false,false,false,true,false,true,false,true,false,true,false,true,false],"left":{"weight":0.017127931118011476,"featureIndex":6,"threshold":80.0625,"left":{"weight":0.021089017391204835,"featureIndex":2,"threshold":43.37910079956055,"left":{"weight":0.06913429498672486,"featureIndex":4,"threshold":108.05078125,"left":{"aggregate":[49.0,11.0]},"right":{"weight":0.02422994375228882,"featureIndex":1,"threshold":318.90234375,"left":{"weight":0.05090361833572388,"featureIndex":7,"threshold":0.193359375,"left":{"aggregate":[5.0,13.0]},"right":{"aggregate":[34.0,24.0]}},"right":{"aggregate":[2.0,0.0]}}},"right":{"aggregate":[5.0,0.0]}},"right":{"aggregate":[23.0,24.0]}},"right":{"weight":0.07967269420623779,"featureIndex":4,"threshold":99.111328125,"left":{"aggregate":[13.0,6.0]},"right":{"weight":0.07443708181381226,"featureIndex":3,"threshold":0.7275390625,"left":{"weight":0.04027986526489258,"featureIndex":6,"threshold":84.11328125,"left":{"aggregate":[14.0,40.0]},"right":{"aggregate":[8.0,7.0]}},"right":{"aggregate":[0.0,12.0]}}}},"right":{"weight":0.017983078956604005,"featureIndex":3,"threshold":0.6817969083786011,"left":{"aggregate":[8.0,56.0]},"right":{"aggregate":[1.0,29.0]}}}}}