{"weight":0.12835407257080079,"featureIndex":4,"threshold":106.107421875,"left":{"weight":0.0973559021949768,"featureIndex":2,"threshold":25.686717987060548,"left":{"aggregate":[48.0,0.0]},"right":{"weight":0.09498971700668335,"featureIndex":0,"threshold":25.1015625,"left":{"aggregate":[48.0,4.0]},"right":{"weight":0.020599722862243654,"featureIndex":7,"threshold":40.025390625,"left":{"weight":0.11797463893890381,"featureIndex":3,"threshold":0.6131836175918579,"left":{"aggregate":[41.0,14.0]},"right":{"aggregate":[4.0,11.0]}},"right":{"aggregate":[2.0,4.0]}}}},"right":{"weight":0.021975576877593995,"featureIndex":3,"threshold":0.49425390362739565,"left":{"weight":0.062472403049468997,"featureIndex":2,"threshold":35.90898513793945,"left":{"weight":0.04131132364273071,"featureIndex":5,"partition":[false,false,false,false,true,false,false,false,false,false,false,false,true,false,false,false,false,true,false,false,false,false,false,false,false,true,false,true,false,true,false],"left":{"weight":0.10831683874130249,"featureIndex":4,"threshold":166.3515625,"left":{"weight":0.03004854917526245,"featureIndex":3,"threshold":0.45308592915534975,"left":{"weight":0.03110426664352417,"featureIndex":4,"threshold":114.26953125,"left":{"aggregate":[13.0,2.0]},"right":{"weight":0.09816592931747437,"featureIndex":0,"threshold":21.1171875,"left":{"aggregate":[10.0,0.0]},"right":{"weight":0.03819453716278076,"featureIndex":2,"threshold":22.410350799560548,"left":{"aggregate":[3.0,0.0]},"right":{"weight":0.03970116376876831,"featureIndex":2,"threshold":34.59843826293945,"left":{"aggregate":[29.0,29.0]},"right":{"aggregate":[6.0,1.0]}}}}},"right":{"aggregate":[5.0,0.0]}},"right":{"aggregate":[1.0,11.0]}},"right":{"aggregate":[22.0,39.0]}},"right":{"aggregate":[10.0,43.0]}},"right":{"weight":0.08005446195602417,"featureIndex":4,"threshold":143.03125,"left":{"weight":0.07358062267303467,"featureIndex":2,"threshold":24.76933479309082,"left":{"aggregate":[7.0,1.0]},"right":{"weight":0.06121617555618286,"featureIndex":1,"threshold":194.9765625,"left":{"aggregate":[17.0,45.0]},"right":{"aggregate":[10.0,6.0]}}},"right":{"weight":0.16389617323875428,"featureIndex":5,"partition":[false,false,true,false,true,false,true,false,true,false,false,false,false,false,true,true,false,true,false,false,false,false,false,false,false,true,false,true,false,true,false],"left":{"aggregate":[7.0,18.0]},"right":{"aggregate":[0.0,40.0]}}}}}