{"weight":0.11008423566818237,"featureIndex":4,"threshold":154.302734375,"left":{"weight":0.09280604124069214,"featureIndex":4,"threshold":107.2734375,"left":{"weight":0.06618523597717285,"featureIndex":5,"partition":[true,false,true,false,false,false,true,false,false,false,false,false,false,false,false,true,false,true,false,true,false,true,false,true,false,false,false,false,false,true,false],"left":{"aggregate":[11.0,13.0]},"right":{"weight":0.06670975685119629,"featureIndex":2,"threshold":27.783592224121095,"left":{"aggregate":[53.0,1.0]},"right":{"weight":0.04459524154663086,"featureIndex":4,"threshold":0.388671875,"left":{"aggregate":[0.0,2.0]},"right":{"weight":0.029782235622406007,"featureIndex":0,"threshold":22.0546875,"left":{"aggregate":[18.0,1.0]},"right":{"weight":0.04541587829589844,"featureIndex":1,"threshold":67.74609375,"left":{"aggregate":[46.0,9.0]},"right":{"aggregate":[15.0,10.0]}}}}}},"right":{"weight":0.06629246473312378,"featureIndex":0,"threshold":30.0234375,"left":{"weight":0.0474010705947876,"featureIndex":7,"threshold":43.119140625,"left":{"weight":0.06065636873245239,"featureIndex":2,"threshold":25.42460823059082,"left":{"aggregate":[15.0,1.0]},"right":{"weight":0.060721635818481448,"featureIndex":4,"threshold":130.205078125,"left":{"aggregate":[43.0,20.0]},"right":{"aggregate":[13.0,21.0]}}},"right":{"aggregate":[0.0,4.0]}},"right":{"weight":0.0906367301940918,"featureIndex":2,"threshold":25.948827743530275,"left":{"aggregate":[10.0,2.0]},"right":{"weight":0.05080348253250122,"featureIndex":2,"threshold":42.72382736206055,"left":{"weight":0.04301285743713379,"featureIndex":4,"threshold":119.322265625,"left":{"aggregate":[2.0,20.0]},"right":{"weight":0.050701677799224856,"featureIndex":3,"threshold":0.5125507712364197,"left":{"aggregate":[21.0,27.0]},"right":{"aggregate":[6.0,26.0]}}},"right":{"aggregate":[0.0,13.0]}}}}},"right":{"weight":0.05017650127410889,"featureIndex":5,"partition":[true,false,true,false,false,false,true,false,false,false,true,false,true,false,true,false,false,true,false,true,false,true,false,false,false,true,false,true,false,true,false],"left":{"aggregate":[7.0,12.0]},"right":{"weight":0.022493809461593629,"featureIndex":1,"threshold":328.81640625,"left":{"weight":0.11360868811607361,"featureIndex":0,"threshold":57.09375,"left":{"weight":0.04435306787490845,"featureIndex":5,"partition":[true,false,false,false,false,false,true,false,false,false,true,false,true,false,true,false,false,false,false,true,false,true,false,false,false,false,false,true,false,true,false],"left":{"aggregate":[3.0,33.0]},"right":{"aggregate":[0.0,43.0]}},"right":{"aggregate":[3.0,1.0]}},"right":{"aggregate":[3.0,9.0]}}}}