{"weight":0.085635244846344,"featureIndex":0,"threshold":26.0390625,"left":{"weight":0.19398170709609986,"featureIndex":4,"threshold":127.095703125,"left":{"weight":0.09270435571670532,"featureIndex":2,"threshold":30.928905487060548,"left":{"weight":0.010969281196594239,"featureIndex":5,"partition":[true,true,true,true,true,true,true,true,true,true,true,true,true,true,true,false,true,true,true,true,true,true,true,true,true,true,true,true,true,true,true],"left":{"aggregate":[17.0,0.0]},"right":{"aggregate":[53.0,2.0]}},"right":{"aggregate":[42.0,15.0]}},"right":{"aggregate":[19.0,36.0]}},"right":{"weight":0.05185645818710327,"featureIndex":2,"threshold":26.2109375,"left":{"aggregate":[29.0,12.0]},"right":{"weight":0.07797795534133911,"featureIndex":4,"threshold":144.197265625,"left":{"weight":0.049149930477142337,"featureIndex":4,"threshold":99.111328125,"left":{"aggregate":[25.0,12.0]},"right":{"weight":0.05154407024383545,"featureIndex":0,"threshold":62.015625,"left":{"weight":0.041908860206604007,"featureIndex":0,"threshold":28.03125,"left":{"aggregate":[12.0,7.0]},"right":{"weight":0.030683040618896486,"featureIndex":3,"threshold":0.25182032585144045,"left":{"aggregate":[14.0,17.0]},"right":{"weight":0.027599036693572999,"featureIndex":2,"threshold":33.94316482543945,"left":{"aggregate":[16.0,37.0]},"right":{"aggregate":[6.0,37.0]}}}},"right":{"aggregate":[5.0,0.0]}}},"right":{"weight":0.07567954063415528,"featureIndex":2,"threshold":31.32206916809082,"left":{"aggregate":[9.0,24.0]},"right":{"weight":0.06732869148254395,"featureIndex":3,"threshold":1.3542070388793946,"left":{"weight":0.09371317923069,"featureIndex":3,"threshold":0.2015039026737213,"left":{"aggregate":[2.0,6.0]},"right":{"aggregate":[0.0,63.0]}},"right":{"aggregate":[1.0,0.0]}}}}}}