{"weight":0.04581558704376221,"featureIndex":5,"partition":[true,false,true,false,false,false,false,false,false,false,true,false,false,false,false,true,false,false,false,true,false,true,false,true,false,false,false,false,false,false,false],"left":{"weight":0.1613149642944336,"featureIndex":4,"threshold":127.095703125,"left":{"weight":0.07360100746154785,"featureIndex":7,"threshold":23.009765625,"left":{"aggregate":[32.0,14.0]},"right":{"aggregate":[14.0,23.0]}},"right":{"weight":0.136429101228714,"featureIndex":3,"threshold":0.3158593773841858,"left":{"aggregate":[10.0,22.0]},"right":{"aggregate":[1.0,58.0]}}},"right":{"weight":0.10942995548248291,"featureIndex":2,"threshold":28.83203125,"left":{"weight":0.1600455343723297,"featureIndex":4,"threshold":145.36328125,"left":{"weight":0.10969866812229157,"featureIndex":0,"threshold":28.03125,"left":{"aggregate":[69.0,0.0]},"right":{"aggregate":[29.0,7.0]}},"right":{"aggregate":[4.0,9.0]}},"right":{"weight":0.13328957557678224,"featureIndex":4,"threshold":122.04296875,"left":{"weight":0.05949372053146362,"featureIndex":0,"threshold":29.0859375,"left":{"weight":0.11913251876831055,"featureIndex":2,"threshold":45.34492111206055,"left":{"weight":0.10802996158599854,"featureIndex":3,"threshold":0.49882811307907107,"left":{"aggregate":[46.0,3.0]},"right":{"aggregate":[17.0,10.0]}},"right":{"aggregate":[0.0,4.0]}},"right":{"aggregate":[25.0,24.0]}},"right":{"weight":0.04847186803817749,"featureIndex":1,"threshold":110.70703125,"left":{"weight":0.10970920324325562,"featureIndex":4,"threshold":151.193359375,"left":{"aggregate":[10.0,32.0]},"right":{"aggregate":[0.0,24.0]}},"right":{"aggregate":[23.0,38.0]}}}}}