{"weight":0.12773948907852174,"featureIndex":4,"threshold":154.302734375,"left":{"weight":0.06417220830917359,"featureIndex":0,"threshold":26.0390625,"left":{"weight":0.1322242021560669,"featureIndex":2,"threshold":30.928905487060548,"left":{"weight":0.06204855442047119,"featureIndex":5,"partition":[true,false,true,false,false,false,false,false,false,false,false,false,false,false,false,true,false,false,false,true,false,true,false,true,false,true,false,false,false,false,false],"left":{"aggregate":[7.0,3.0]},"right":{"weight":0.06880658119916916,"featureIndex":4,"threshold":127.095703125,"left":{"aggregate":[65.0,0.0]},"right":{"aggregate":[11.0,2.0]}}},"right":{"weight":0.09681332111358643,"featureIndex":6,"threshold":30.0234375,"left":{"aggregate":[0.0,5.0]},"right":{"weight":0.12573015689849854,"featureIndex":4,"threshold":128.26171875,"left":{"aggregate":[41.0,14.0]},"right":{"aggregate":[3.0,10.0]}}}},"right":{"weight":0.053057193756103519,"featureIndex":4,"threshold":110.3828125,"left":{"weight":0.12384730577468872,"featureIndex":2,"threshold":26.07988166809082,"left":{"aggregate":[19.0,0.0]},"right":{"weight":0.03164684772491455,"featureIndex":4,"threshold":0.388671875,"left":{"aggregate":[0.0,2.0]},"right":{"weight":0.03233981132507324,"featureIndex":0,"threshold":42.09375,"left":{"aggregate":[40.0,20.0]},"right":{"aggregate":[9.0,12.0]}}}},"right":{"weight":0.03247267007827759,"featureIndex":0,"threshold":61.078125,"left":{"weight":0.041240394115448,"featureIndex":2,"threshold":41.544334411621097,"left":{"weight":0.034425437450408939,"featureIndex":2,"threshold":25.948827743530275,"left":{"aggregate":[9.0,3.0]},"right":{"weight":0.044718384742736819,"featureIndex":2,"threshold":38.005859375,"left":{"weight":0.10706436634063721,"featureIndex":3,"threshold":0.7183906435966492,"left":{"weight":0.04967683553695679,"featureIndex":3,"threshold":0.6955195069313049,"left":{"weight":0.03200918436050415,"featureIndex":7,"threshold":20.109375,"left":{"aggregate":[19.0,22.0]},"right":{"aggregate":[11.0,31.0]}},"right":{"aggregate":[3.0,0.0]}},"right":{"aggregate":[0.0,18.0]}},"right":{"aggregate":[13.0,7.0]}}},"right":{"aggregate":[2.0,19.0]}},"right":{"aggregate":[8.0,2.0]}}}},"right":{"weight":0.07170477509498596,"featureIndex":5,"partition":[false,false,false,false,true,false,false,false,false,false,false,false,false,false,false,false,false,false,false,true,false,true,false,true,false,false,false,false,false,false,false],"left":{"weight":0.036393165588378909,"featureIndex":0,"threshold":33.0703125,"left":{"aggregate":[0.0,33.0]},"right":{"aggregate":[4.0,46.0]}},"right":{"aggregate":[8.0,19.0]}}}