{"weight":0.03838151693344116,"featureIndex":5,"partition":[false,false,false,false,true,false,true,false,false,false,true,false,true,true,false,false,false,false,false,false,false,false,false,false,false,true,false,true,false,true,false],"left":{"weight":0.1575620174407959,"featureIndex":4,"threshold":114.26953125,"left":{"weight":0.055326640605926517,"featureIndex":3,"threshold":0.6680742502212524,"left":{"weight":0.015059232711791993,"featureIndex":4,"threshold":111.16015625,"left":{"weight":0.08608934283256531,"featureIndex":2,"threshold":26.604101181030275,"left":{"aggregate":[48.0,0.0]},"right":{"weight":0.06244039535522461,"featureIndex":2,"threshold":45.34492111206055,"left":{"weight":0.053849637508392337,"featureIndex":0,"threshold":30.0234375,"left":{"aggregate":[48.0,5.0]},"right":{"aggregate":[17.0,8.0]}},"right":{"aggregate":[0.0,2.0]}}},"right":{"aggregate":[9.0,4.0]}},"right":{"aggregate":[18.0,14.0]}},"right":{"weight":0.08368861675262451,"featureIndex":4,"threshold":165.185546875,"left":{"weight":0.09091049432754517,"featureIndex":2,"threshold":26.341991424560548,"left":{"aggregate":[20.0,3.0]},"right":{"weight":0.04510855674743652,"featureIndex":0,"threshold":30.0234375,"left":{"weight":0.09572458267211914,"featureIndex":4,"threshold":127.095703125,"left":{"aggregate":[24.0,11.0]},"right":{"aggregate":[16.0,34.0]}},"right":{"weight":0.03313106298446655,"featureIndex":1,"threshold":370.125,"left":{"aggregate":[14.0,50.0]},"right":{"aggregate":[1.0,0.0]}}}},"right":{"aggregate":[4.0,47.0]}}},"right":{"weight":0.13710010051727296,"featureIndex":4,"threshold":95.224609375,"left":{"aggregate":[11.0,1.0]},"right":{"weight":0.046763062477111819,"featureIndex":3,"threshold":0.24724610149860383,"left":{"aggregate":[11.0,15.0]},"right":{"weight":0.12222892045974732,"featureIndex":2,"threshold":27.521484375,"left":{"aggregate":[8.0,7.0]},"right":{"weight":0.07498323917388916,"featureIndex":3,"threshold":0.3936210870742798,"left":{"aggregate":[5.0,18.0]},"right":{"aggregate":[1.0,49.0]}}}}}}