{"weight":0.05267888307571411,"featureIndex":5,"partition":[false,false,false,false,true,false,true,false,false,false,true,false,true,true,true,false,false,false,false,true,false,false,false,false,false,true,false,true,false,true,false],"left":{"weight":0.15499842166900636,"featureIndex":4,"threshold":111.16015625,"left":{"weight":0.0685887336730957,"featureIndex":2,"threshold":26.997264862060548,"left":{"aggregate":[52.0,1.0]},"right":{"weight":0.06675511598587036,"featureIndex":0,"threshold":25.1015625,"left":{"aggregate":[50.0,6.0]},"right":{"aggregate":[34.0,19.0]}}},"right":{"weight":0.0977831482887268,"featureIndex":4,"threshold":157.0234375,"left":{"weight":0.07730430364608765,"featureIndex":2,"threshold":24.900390625,"left":{"aggregate":[11.0,0.0]},"right":{"weight":0.05422002077102661,"featureIndex":0,"threshold":24.046875,"left":{"aggregate":[26.0,12.0]},"right":{"weight":0.05781710147857666,"featureIndex":0,"threshold":58.03125,"left":{"weight":0.07041996717453003,"featureIndex":0,"threshold":45.0234375,"left":{"weight":0.052323997020721439,"featureIndex":6,"threshold":70.0546875,"left":{"aggregate":[8.0,26.0]},"right":{"aggregate":[26.0,26.0]}},"right":{"aggregate":[0.0,10.0]}},"right":{"aggregate":[4.0,0.0]}}}},"right":{"aggregate":[8.0,54.0]}}},"right":{"weight":0.1357150673866272,"featureIndex":4,"threshold":139.14453125,"left":{"weight":0.05284386873245239,"featureIndex":7,"threshold":23.009765625,"left":{"aggregate":[32.0,25.0]},"right":{"aggregate":[11.0,27.0]}},"right":{"weight":0.07060578465461731,"featureIndex":2,"threshold":34.20527267456055,"left":{"aggregate":[5.0,31.0]},"right":{"aggregate":[0.0,31.0]}}}}