{"weight":0.14349913597106934,"featureIndex":4,"threshold":127.095703125,"left":{"weight":0.08662784099578858,"featureIndex":0,"threshold":28.03125,"left":{"weight":0.08944791555404663,"featureIndex":2,"threshold":30.928905487060548,"left":{"weight":0.03134801983833313,"featureIndex":7,"threshold":13.1484375,"left":{"aggregate":[32.0,2.0]},"right":{"aggregate":[44.0,0.0]}},"right":{"weight":0.04923146963119507,"featureIndex":3,"threshold":0.9333789348602295,"left":{"weight":0.05336397886276245,"featureIndex":6,"threshold":30.0234375,"left":{"aggregate":[0.0,2.0]},"right":{"weight":0.04913610219955444,"featureIndex":1,"threshold":160.27734375,"left":{"weight":0.06079345941543579,"featureIndex":2,"threshold":44.68964767456055,"left":{"weight":0.03296530246734619,"featureIndex":1,"threshold":158.625,"left":{"weight":0.04496610164642334,"featureIndex":1,"threshold":99.140625,"left":{"aggregate":[35.0,13.0]},"right":{"aggregate":[16.0,1.0]}},"right":{"aggregate":[0.0,1.0]}},"right":{"aggregate":[0.0,2.0]}},"right":{"aggregate":[10.0,0.0]}}},"right":{"aggregate":[0.0,2.0]}}},"right":{"weight":0.04400843381881714,"featureIndex":4,"threshold":99.111328125,"left":{"aggregate":[30.0,10.0]},"right":{"weight":0.05887138843536377,"featureIndex":3,"threshold":0.2015039026737213,"left":{"aggregate":[15.0,4.0]},"right":{"weight":0.03747934103012085,"featureIndex":1,"threshold":130.53515625,"left":{"weight":0.15374082326889039,"featureIndex":2,"threshold":26.2109375,"left":{"aggregate":[15.0,2.0]},"right":{"aggregate":[21.0,39.0]}},"right":{"aggregate":[4.0,16.0]}}}}},"right":{"weight":0.06885457038879395,"featureIndex":2,"threshold":30.142578125,"left":{"aggregate":[29.0,28.0]},"right":{"weight":0.03614461421966553,"featureIndex":6,"threshold":60.046875,"left":{"aggregate":[0.0,21.0]},"right":{"weight":0.019484877586364747,"featureIndex":6,"threshold":95.07421875,"left":{"weight":0.096763014793396,"featureIndex":5,"partition":[false,false,false,false,false,false,true,false,false,false,false,false,true,true,true,false,false,false,false,false,false,true,false,false,false,false,false,true,false,true,false],"left":{"weight":0.026343345642089845,"featureIndex":2,"threshold":30.535741806030275,"left":{"aggregate":[0.0,6.0]},"right":{"weight":0.02903527021408081,"featureIndex":7,"threshold":43.119140625,"left":{"weight":0.02523273229598999,"featureIndex":0,"threshold":63.0703125,"left":{"weight":0.01725703477859497,"featureIndex":0,"threshold":61.078125,"left":{"weight":0.02126258611679077,"featureIndex":5,"partition":[false,false,false,false,false,false,false,false,false,false,true,false,false,false,false,true,false,false,false,false,false,false,false,true,false,false,false,false,false,false,false],"left":{"weight":0.012544095516204834,"featureIndex":5,"partition":[true,false,true,false,true,false,false,false,true,false,false,false,false,false,false,false,false,false,false,true,false,false,false,false,false,false,false,false,false,false,false],"left":{"aggregate":[6.0,21.0]},"right":{"aggregate":[17.0,32.0]}},"right":{"aggregate":[7.0,6.0]}},"right":{"aggregate":[1.0,0.0]}},"right":{"aggregate":[0.0,4.0]}},"right":{"aggregate":[1.0,12.0]}}},"right":{"aggregate":[0.0,35.0]}},"right":{"aggregate":[0.0,9.0]}}}}}