{"weight":0.07354933023452759,"featureIndex":2,"threshold":29.618358612060548,"left":{"weight":0.1775813102722168,"featureIndex":0,"threshold":27.09375,"left":{"weight":0.035983115434646609,"featureIndex":3,"threshold":0.25639453530311587,"left":{"aggregate":[31.0,0.0]},"right":{"aggregate":[53.0,5.0]}},"right":{"weight":0.04048967361450195,"featureIndex":1,"threshold":231.328125,"left":{"weight":0.06508344411849976,"featureIndex":2,"threshold":24.76933479309082,"left":{"aggregate":[21.0,7.0]},"right":{"aggregate":[23.0,29.0]}},"right":{"aggregate":[0.0,3.0]}}},"right":{"weight":0.06314408779144287,"featureIndex":0,"threshold":30.0234375,"left":{"weight":0.1899598240852356,"featureIndex":4,"threshold":127.095703125,"left":{"weight":0.02536386251449585,"featureIndex":4,"threshold":99.111328125,"left":{"aggregate":[36.0,6.0]},"right":{"weight":0.056671082973480228,"featureIndex":3,"threshold":0.49882811307907107,"left":{"aggregate":[30.0,7.0]},"right":{"aggregate":[16.0,13.0]}}},"right":{"weight":0.0647350549697876,"featureIndex":6,"threshold":52.18359375,"left":{"aggregate":[0.0,10.0]},"right":{"aggregate":[17.0,42.0]}}},"right":{"weight":0.02559351921081543,"featureIndex":3,"threshold":0.325007826089859,"left":{"weight":0.15052515268325807,"featureIndex":5,"partition":[false,false,false,false,true,false,true,false,false,false,true,false,false,false,false,true,false,true,false,false,false,true,false,false,false,true,false,false,false,true,false],"left":{"aggregate":[4.0,28.0]},"right":{"aggregate":[25.0,20.0]}},"right":{"weight":0.033836960792541507,"featureIndex":3,"threshold":1.3908008337020875,"left":{"weight":0.03629714250564575,"featureIndex":2,"threshold":33.81210708618164,"left":{"aggregate":[14.0,34.0]},"right":{"weight":0.11522307991981507,"featureIndex":5,"partition":[false,false,true,false,true,false,true,false,true,false,false,false,true,false,true,false,false,true,false,true,false,false,false,false,false,true,false,false,false,true,false],"left":{"aggregate":[7.0,17.0]},"right":{"aggregate":[1.0,46.0]}}},"right":{"aggregate":[3.0,1.0]}}}}}