{"weight":0.08414614200592041,"featureIndex":0,"threshold":30.0234375,"left":{"weight":0.053564369678497317,"featureIndex":5,"partition":[true,false,false,false,true,false,false,false,false,false,false,false,false,false,false,false,false,true,false,true,false,true,false,false,false,true,false,true,false,true,false],"left":{"weight":0.07525908946990967,"featureIndex":3,"threshold":0.33415624499320986,"left":{"aggregate":[52.0,3.0]},"right":{"weight":0.09304726123809815,"featureIndex":2,"threshold":26.2109375,"left":{"aggregate":[13.0,0.0]},"right":{"weight":0.09977424144744873,"featureIndex":7,"threshold":30.1640625,"left":{"aggregate":[29.0,7.0]},"right":{"aggregate":[14.0,17.0]}}}},"right":{"weight":0.22824960947036744,"featureIndex":4,"threshold":127.095703125,"left":{"weight":0.07247930765151978,"featureIndex":4,"threshold":105.330078125,"left":{"aggregate":[37.0,4.0]},"right":{"aggregate":[27.0,15.0]}},"right":{"aggregate":[12.0,44.0]}}},"right":{"weight":0.09251248836517334,"featureIndex":4,"threshold":107.2734375,"left":{"aggregate":[41.0,23.0]},"right":{"weight":0.042316734790802,"featureIndex":0,"threshold":57.09375,"left":{"weight":0.036608994007110599,"featureIndex":2,"threshold":23.196680068969728,"left":{"aggregate":[4.0,1.0]},"right":{"weight":0.03298836946487427,"featureIndex":2,"threshold":42.72382736206055,"left":{"weight":0.03907632827758789,"featureIndex":4,"threshold":165.185546875,"left":{"weight":0.02734541893005371,"featureIndex":3,"threshold":0.6314804553985596,"left":{"weight":0.11722332239151001,"featureIndex":5,"partition":[true,false,false,false,false,false,false,false,false,false,true,false,false,true,false,true,false,true,false,false,false,false,false,false,false,false,false,true,false,false,false],"left":{"aggregate":[23.0,38.0]},"right":{"aggregate":[0.0,15.0]}},"right":{"aggregate":[5.0,33.0]}},"right":{"aggregate":[2.0,36.0]}},"right":{"aggregate":[0.0,19.0]}}},"right":{"aggregate":[14.0,13.0]}}}}