{"weight":0.07509320974349976,"featureIndex":2,"threshold":29.880468368530275,"left":{"weight":0.040522754192352298,"featureIndex":6,"threshold":68.1484375,"left":{"weight":0.12123352289199829,"featureIndex":0,"threshold":26.0390625,"left":{"aggregate":[54.0,2.0]},"right":{"aggregate":[26.0,13.0]}},"right":{"weight":0.10317355394363404,"featureIndex":2,"threshold":23.327733993530275,"left":{"aggregate":[18.0,1.0]},"right":{"weight":0.04797452688217163,"featureIndex":2,"threshold":28.04570198059082,"left":{"aggregate":[30.0,17.0]},"right":{"aggregate":[8.0,14.0]}}}},"right":{"weight":0.03167170286178589,"featureIndex":5,"partition":[true,false,true,false,true,false,true,false,true,false,true,false,false,false,false,true,false,true,false,true,false,true,false,true,false,false,false,false,false,false,false],"left":{"weight":0.08501619100570679,"featureIndex":3,"threshold":0.7092421650886536,"left":{"aggregate":[14.0,40.0]},"right":{"aggregate":[0.0,16.0]}},"right":{"weight":0.04007291793823242,"featureIndex":2,"threshold":41.544334411621097,"left":{"weight":0.15385586023330689,"featureIndex":4,"threshold":127.095703125,"left":{"weight":0.023056447505950929,"featureIndex":3,"threshold":1.253574252128601,"left":{"weight":0.028817355632781984,"featureIndex":7,"threshold":0.193359375,"left":{"aggregate":[18.0,16.0]},"right":{"weight":0.06316971778869629,"featureIndex":3,"threshold":0.49882811307907107,"left":{"weight":0.0883527398109436,"featureIndex":5,"partition":[false,false,false,false,false,false,false,false,true,false,true,false,false,false,false,true,false,false,false,true,false,false,false,false,false,false,false,false,false,false,false],"left":{"aggregate":[37.0,10.0]},"right":{"aggregate":[22.0,0.0]}},"right":{"aggregate":[26.0,18.0]}}},"right":{"aggregate":[0.0,2.0]}},"right":{"weight":0.07599729299545288,"featureIndex":0,"threshold":49.0078125,"left":{"weight":0.07207196950912476,"featureIndex":4,"threshold":157.0234375,"left":{"aggregate":[18.0,26.0]},"right":{"aggregate":[5.0,33.0]}},"right":{"aggregate":[0.0,18.0]}}},"right":{"aggregate":[11.0,42.0]}}}}