{"weight":0.1266842484474182,"featureIndex":4,"threshold":118.15625,"left":{"weight":0.07452958822250366,"featureIndex":5,"partition":[false,false,false,false,true,false,true,false,true,false,false,false,true,false,false,false,false,false,false,false,false,true,false,false,false,true,false,true,false,true,false],"left":{"weight":0.05805736780166626,"featureIndex":0,"threshold":37.0546875,"left":{"weight":0.05743914842605591,"featureIndex":7,"threshold":29.00390625,"left":{"weight":0.0745454728603363,"featureIndex":2,"threshold":29.618358612060548,"left":{"weight":0.032152511179447177,"featureIndex":3,"threshold":0.6680742502212524,"left":{"aggregate":[65.0,0.0]},"right":{"aggregate":[13.0,1.0]}},"right":{"aggregate":[29.0,7.0]}},"right":{"aggregate":[34.0,14.0]}},"right":{"aggregate":[12.0,12.0]}},"right":{"aggregate":[29.0,32.0]}},"right":{"weight":0.08958375453948975,"featureIndex":4,"threshold":154.302734375,"left":{"weight":0.04261130094528198,"featureIndex":0,"threshold":23.109375,"left":{"aggregate":[22.0,9.0]},"right":{"weight":0.06780248880386353,"featureIndex":2,"threshold":26.07988166809082,"left":{"aggregate":[12.0,2.0]},"right":{"weight":0.06362193822860718,"featureIndex":6,"threshold":50.0390625,"left":{"aggregate":[0.0,14.0]},"right":{"weight":0.05088353157043457,"featureIndex":6,"threshold":90.0703125,"left":{"weight":0.04032081365585327,"featureIndex":0,"threshold":40.1015625,"left":{"weight":0.110587477684021,"featureIndex":5,"partition":[false,false,false,false,false,false,true,false,false,false,true,false,false,false,false,true,false,false,false,true,false,false,false,true,false,true,false,false,false,false,false],"left":{"aggregate":[12.0,27.0]},"right":{"aggregate":[25.0,11.0]}},"right":{"aggregate":[11.0,32.0]}},"right":{"aggregate":[0.0,9.0]}}}}},"right":{"weight":0.031160026788711549,"featureIndex":7,"threshold":32.09765625,"left":{"weight":0.03538072109222412,"featureIndex":2,"threshold":28.569921493530275,"left":{"aggregate":[5.0,10.0]},"right":{"aggregate":[7.0,54.0]}},"right":{"aggregate":[1.0,34.0]}}}}