{"weight":0.14901989698410035,"featureIndex":4,"threshold":123.208984375,"left":{"weight":0.030010998249053956,"featureIndex":7,"threshold":29.00390625,"left":{"weight":0.11914670467376709,"featureIndex":2,"threshold":26.341991424560548,"left":{"weight":0.024936676025390626,"featureIndex":6,"threshold":0.23828125,"left":{"aggregate":[5.0,1.0]},"right":{"weight":0.037554360926151279,"featureIndex":3,"threshold":0.6772226691246033,"left":{"aggregate":[56.0,0.0]},"right":{"aggregate":[11.0,1.0]}}},"right":{"weight":0.15498942136764527,"featureIndex":0,"threshold":27.09375,"left":{"aggregate":[49.0,6.0]},"right":{"aggregate":[30.0,34.0]}}},"right":{"weight":0.09489941596984863,"featureIndex":3,"threshold":0.49425390362739565,"left":{"aggregate":[36.0,12.0]},"right":{"aggregate":[17.0,26.0]}}},"right":{"weight":0.08747917413711548,"featureIndex":2,"threshold":30.01152229309082,"left":{"weight":0.09310793876647949,"featureIndex":4,"threshold":145.36328125,"left":{"aggregate":[28.0,13.0]},"right":{"aggregate":[9.0,19.0]}},"right":{"weight":0.01903092861175537,"featureIndex":2,"threshold":40.75800704956055,"left":{"weight":0.06680423021316529,"featureIndex":4,"threshold":155.080078125,"left":{"weight":0.12387681007385254,"featureIndex":5,"partition":[true,false,true,false,false,false,true,false,false,false,true,false,false,false,false,true,false,true,false,true,false,true,false,false,false,true,false,false,false,false,false],"left":{"aggregate":[0.0,16.0]},"right":{"aggregate":[25.0,39.0]}},"right":{"weight":0.03495582938194275,"featureIndex":6,"threshold":70.0546875,"left":{"aggregate":[4.0,24.0]},"right":{"aggregate":[1.0,37.0]}}},"right":{"aggregate":[3.0,40.0]}}}}