{"weight":0.10815715789794922,"featureIndex":2,"threshold":29.880468368530275,"left":{"weight":0.0622791051864624,"featureIndex":2,"threshold":26.2109375,"left":{"weight":0.03495103120803833,"featureIndex":7,"threshold":0.193359375,"left":{"aggregate":[31.0,9.0]},"right":{"weight":0.2095746397972107,"featureIndex":4,"threshold":157.0234375,"left":{"weight":0.0006576105952262878,"featureIndex":7,"threshold":8.12109375,"left":{"aggregate":[2.0,0.0]},"right":{"weight":0.002939283847808838,"featureIndex":2,"threshold":20.444530487060548,"left":{"aggregate":[8.0,0.0]},"right":{"aggregate":[56.0,1.0]}}},"right":{"aggregate":[1.0,4.0]}}},"right":{"weight":0.08096712827682495,"featureIndex":4,"threshold":104.1640625,"left":{"aggregate":[21.0,3.0]},"right":{"aggregate":[34.0,30.0]}}},"right":{"weight":0.12846314907073975,"featureIndex":4,"threshold":129.0390625,"left":{"weight":0.07929235696792603,"featureIndex":4,"threshold":94.05859375,"left":{"aggregate":[39.0,8.0]},"right":{"weight":0.04326540231704712,"featureIndex":2,"threshold":40.626953125,"left":{"weight":0.04486614465713501,"featureIndex":7,"threshold":0.193359375,"left":{"aggregate":[9.0,21.0]},"right":{"weight":0.10830128192901612,"featureIndex":0,"threshold":28.03125,"left":{"aggregate":[37.0,12.0]},"right":{"aggregate":[15.0,25.0]}}},"right":{"aggregate":[3.0,15.0]}}},"right":{"weight":0.03635066747665405,"featureIndex":5,"partition":[false,false,false,false,true,false,true,false,false,false,false,false,true,true,true,false,false,false,false,true,false,false,false,false,false,false,false,true,false,true,false],"left":{"weight":0.0553814172744751,"featureIndex":6,"threshold":60.046875,"left":{"aggregate":[0.0,18.0]},"right":{"weight":0.13370198011398316,"featureIndex":4,"threshold":157.0234375,"left":{"aggregate":[20.0,24.0]},"right":{"aggregate":[5.0,53.0]}}},"right":{"aggregate":[2.0,45.0]}}}}