{"weight":0.0732465386390686,"featureIndex":2,"threshold":27.39042854309082,"left":{"weight":0.1817113757133484,"featureIndex":4,"threshold":150.02734375,"left":{"weight":0.03448128700256348,"featureIndex":3,"threshold":0.21065235137939454,"left":{"aggregate":[17.0,0.0]},"right":{"weight":0.04678940773010254,"featureIndex":3,"threshold":0.29756250977516177,"left":{"aggregate":[18.0,6.0]},"right":{"aggregate":[43.0,3.0]}}},"right":{"aggregate":[4.0,11.0]}},"right":{"weight":0.05856120586395264,"featureIndex":0,"threshold":28.03125,"left":{"weight":0.046813786029815677,"featureIndex":5,"partition":[false,false,true,false,false,false,false,false,false,false,false,false,false,false,false,true,false,false,false,false,false,false,false,true,false,false,false,false,false,false,false],"left":{"weight":0.07434582710266113,"featureIndex":3,"threshold":0.9516757726669312,"left":{"weight":0.042938292026519778,"featureIndex":7,"threshold":0.193359375,"left":{"aggregate":[6.0,14.0]},"right":{"weight":0.07395303249359131,"featureIndex":7,"threshold":34.03125,"left":{"aggregate":[31.0,13.0]},"right":{"aggregate":[9.0,15.0]}}},"right":{"aggregate":[0.0,7.0]}},"right":{"weight":0.1633617877960205,"featureIndex":4,"threshold":144.197265625,"left":{"aggregate":[49.0,11.0]},"right":{"aggregate":[1.0,7.0]}}},"right":{"weight":0.05210596323013306,"featureIndex":1,"threshold":140.44921875,"left":{"weight":0.02718883752822876,"featureIndex":5,"partition":[false,false,false,false,true,false,true,false,true,false,true,false,false,false,false,true,false,true,false,true,false,true,false,true,false,false,false,true,false,false,false],"left":{"weight":0.1850569248199463,"featureIndex":4,"threshold":94.05859375,"left":{"aggregate":[6.0,0.0]},"right":{"weight":0.028674721717834474,"featureIndex":1,"threshold":110.70703125,"left":{"aggregate":[12.0,47.0]},"right":{"aggregate":[0.0,6.0]}}},"right":{"weight":0.08210927248001099,"featureIndex":4,"threshold":107.2734375,"left":{"aggregate":[25.0,11.0]},"right":{"weight":0.05905473232269287,"featureIndex":3,"threshold":0.5125507712364197,"left":{"aggregate":[24.0,34.0]},"right":{"aggregate":[3.0,20.0]}}}},"right":{"weight":0.07999718189239502,"featureIndex":4,"threshold":157.0234375,"left":{"aggregate":[8.0,37.0]},"right":{"aggregate":[0.0,26.0]}}}}}