{"weight":0.13953351974487306,"featureIndex":4,"threshold":103.38671875,"left":{"weight":0.10882610082626343,"featureIndex":2,"threshold":27.39042854309082,"left":{"aggregate":[50.0,0.0]},"right":{"weight":0.09236353635787964,"featureIndex":0,"threshold":22.0546875,"left":{"aggregate":[20.0,0.0]},"right":{"weight":0.041302382946014407,"featureIndex":4,"threshold":0.388671875,"left":{"aggregate":[0.0,2.0]},"right":{"weight":0.044414401054382327,"featureIndex":1,"threshold":211.5,"left":{"weight":0.05602198839187622,"featureIndex":5,"partition":[true,false,true,false,false,false,true,false,false,false,false,false,false,false,false,true,false,true,false,true,false,false,false,true,false,false,false,true,false,false,false],"left":{"aggregate":[10.0,10.0]},"right":{"aggregate":[47.0,12.0]}},"right":{"aggregate":[0.0,2.0]}}}}},"right":{"weight":0.056076765060424808,"featureIndex":5,"partition":[false,false,false,false,false,false,true,false,false,false,true,false,true,true,true,false,false,false,false,false,false,false,false,false,false,true,false,true,false,true,false],"left":{"weight":0.10967928171157837,"featureIndex":4,"threshold":143.03125,"left":{"weight":0.03387850522994995,"featureIndex":3,"threshold":0.1923554688692093,"left":{"aggregate":[20.0,4.0]},"right":{"weight":0.06534570455551148,"featureIndex":2,"threshold":26.8662109375,"left":{"aggregate":[25.0,5.0]},"right":{"weight":0.06123340129852295,"featureIndex":4,"threshold":123.208984375,"left":{"weight":0.0687183141708374,"featureIndex":2,"threshold":45.34492111206055,"left":{"weight":0.06489896774291992,"featureIndex":6,"threshold":60.046875,"left":{"aggregate":[14.0,2.0]},"right":{"aggregate":[31.0,26.0]}},"right":{"aggregate":[0.0,4.0]}},"right":{"aggregate":[18.0,43.0]}}}},"right":{"weight":0.07016968727111817,"featureIndex":4,"threshold":165.185546875,"left":{"aggregate":[14.0,35.0]},"right":{"aggregate":[3.0,48.0]}}},"right":{"weight":0.12266269326210022,"featureIndex":4,"threshold":150.02734375,"left":{"aggregate":[11.0,36.0]},"right":{"aggregate":[0.0,39.0]}}}}