{"weight":0.08655649423599243,"featureIndex":2,"threshold":27.39042854309082,"left":{"weight":0.09276902675628662,"featureIndex":0,"threshold":26.0390625,"left":{"aggregate":[50.0,2.0]},"right":{"aggregate":[43.0,18.0]}},"right":{"weight":0.1320233941078186,"featureIndex":4,"threshold":123.208984375,"left":{"weight":0.08942443132400513,"featureIndex":0,"threshold":30.0234375,"left":{"weight":0.03934144973754883,"featureIndex":5,"partition":[true,false,true,true,true,true,true,true,true,true,true,true,true,true,true,true,true,true,true,true,true,true,true,true,true,true,true,false,false,false,false],"left":{"aggregate":[0.0,2.0]},"right":{"weight":0.08569270372390747,"featureIndex":2,"threshold":45.34492111206055,"left":{"weight":0.04980909824371338,"featureIndex":3,"threshold":0.49882811307907107,"left":{"weight":0.055011749267578128,"featureIndex":7,"threshold":12.181640625,"left":{"aggregate":[10.0,4.0]},"right":{"aggregate":[52.0,3.0]}},"right":{"aggregate":[26.0,12.0]}},"right":{"aggregate":[0.0,4.0]}}},"right":{"weight":0.0625792145729065,"featureIndex":3,"threshold":0.6131836175918579,"left":{"aggregate":[33.0,29.0]},"right":{"aggregate":[6.0,21.0]}}},"right":{"weight":0.01701563596725464,"featureIndex":0,"threshold":24.046875,"left":{"aggregate":[12.0,20.0]},"right":{"weight":0.09917193651199341,"featureIndex":5,"partition":[true,false,true,false,false,false,true,false,false,false,true,false,true,true,true,false,false,true,false,false,false,false,false,true,false,false,false,true,false,true,false],"left":{"weight":0.12032145261764527,"featureIndex":2,"threshold":30.01152229309082,"left":{"aggregate":[13.0,5.0]},"right":{"weight":0.11320847272872925,"featureIndex":4,"threshold":157.0234375,"left":{"aggregate":[15.0,27.0]},"right":{"aggregate":[1.0,24.0]}}},"right":{"weight":0.06715664267539978,"featureIndex":6,"threshold":76.01171875,"left":{"aggregate":[0.0,55.0]},"right":{"aggregate":[6.0,42.0]}}}}}}