{"weight":0.04135006666183472,"featureIndex":5,"partition":[false,false,true,false,false,false,false,false,true,false,false,false,false,false,false,true,false,true,false,true,false,false,false,true,false,false,false,false,false,false,false],"left":{"weight":0.12056082487106323,"featureIndex":2,"threshold":27.783592224121095,"left":{"aggregate":[37.0,13.0]},"right":{"weight":0.046480000019073489,"featureIndex":5,"partition":[true,false,false,false,true,false,true,false,false,false,false,false,false,false,false,false,false,false,false,false,false,true,false,false,false,true,false,false,false,false,false],"left":{"aggregate":[4.0,44.0]},"right":{"weight":0.039446115493774417,"featureIndex":2,"threshold":33.81210708618164,"left":{"aggregate":[23.0,27.0]},"right":{"weight":0.09118098020553589,"featureIndex":3,"threshold":0.2015039026737213,"left":{"aggregate":[6.0,2.0]},"right":{"weight":0.090828537940979,"featureIndex":4,"threshold":106.107421875,"left":{"aggregate":[7.0,7.0]},"right":{"aggregate":[7.0,57.0]}}}}}},"right":{"weight":0.08932226896286011,"featureIndex":2,"threshold":26.341991424560548,"left":{"aggregate":[57.0,6.0]},"right":{"weight":0.03190809488296509,"featureIndex":2,"threshold":42.72382736206055,"left":{"weight":0.13021928071975709,"featureIndex":4,"threshold":122.04296875,"left":{"weight":0.12324798107147217,"featureIndex":0,"threshold":28.03125,"left":{"weight":0.057323843240737918,"featureIndex":3,"threshold":0.8190234303474426,"left":{"weight":0.06743693351745606,"featureIndex":2,"threshold":30.928905487060548,"left":{"aggregate":[26.0,0.0]},"right":{"aggregate":[35.0,6.0]}},"right":{"aggregate":[3.0,3.0]}},"right":{"aggregate":[17.0,18.0]}},"right":{"weight":0.026334166526794435,"featureIndex":3,"threshold":0.34330469369888308,"left":{"aggregate":[19.0,24.0]},"right":{"aggregate":[16.0,46.0]}}},"right":{"aggregate":[3.0,15.0]}}}}