{"weight":0.08609294891357422,"featureIndex":2,"threshold":26.473045349121095,"left":{"weight":0.17715761065483094,"featureIndex":4,"threshold":151.193359375,"left":{"weight":0.025071293115615846,"featureIndex":0,"threshold":51.1171875,"left":{"weight":0.06460936367511749,"featureIndex":4,"threshold":106.107421875,"left":{"aggregate":[49.0,0.0]},"right":{"aggregate":[30.0,4.0]}},"right":{"aggregate":[6.0,2.0]}},"right":{"aggregate":[4.0,9.0]}},"right":{"weight":0.12016874551773071,"featureIndex":4,"threshold":127.095703125,"left":{"weight":0.06051135063171387,"featureIndex":5,"partition":[false,false,false,false,true,false,true,false,true,false,true,false,true,false,false,false,false,false,false,true,false,true,false,true,false,true,false,true,false,true,false],"left":{"weight":0.06167125701904297,"featureIndex":0,"threshold":28.03125,"left":{"weight":0.028481483459472657,"featureIndex":7,"threshold":29.00390625,"left":{"aggregate":[49.0,6.0]},"right":{"aggregate":[31.0,11.0]}},"right":{"aggregate":[19.0,17.0]}},"right":{"weight":0.02732306718826294,"featureIndex":1,"threshold":1.65234375,"left":{"weight":0.061091482639312747,"featureIndex":0,"threshold":56.0390625,"left":{"weight":0.031229794025421144,"featureIndex":2,"threshold":30.01152229309082,"left":{"aggregate":[4.0,15.0]},"right":{"aggregate":[20.0,27.0]}},"right":{"aggregate":[3.0,0.0]}},"right":{"aggregate":[22.0,15.0]}}},"right":{"weight":0.04159897565841675,"featureIndex":3,"threshold":0.3067109286785126,"left":{"weight":0.07294720411300659,"featureIndex":6,"threshold":52.18359375,"left":{"aggregate":[0.0,7.0]},"right":{"aggregate":[25.0,36.0]}},"right":{"weight":0.11146053671836853,"featureIndex":5,"partition":[false,false,true,false,false,false,false,false,false,false,true,false,false,false,false,true,false,false,false,true,false,true,false,true,false,true,false,false,false,false,false],"left":{"weight":0.009455300867557526,"featureIndex":1,"threshold":1.65234375,"left":{"aggregate":[0.0,23.0]},"right":{"aggregate":[1.0,42.0]}},"right":{"weight":0.07427537441253662,"featureIndex":2,"threshold":41.41328048706055,"left":{"aggregate":[20.0,43.0]},"right":{"aggregate":[0.0,11.0]}}}}}}