{"weight":0.0801692008972168,"featureIndex":0,"threshold":26.0390625,"left":{"weight":0.18456614017486573,"featureIndex":4,"threshold":127.095703125,"left":{"weight":0.038865089416503909,"featureIndex":4,"threshold":101.0546875,"left":{"weight":0.02164381742477417,"featureIndex":4,"threshold":95.224609375,"left":{"aggregate":[52.0,4.0]},"right":{"aggregate":[17.0,0.0]}},"right":{"aggregate":[50.0,13.0]}},"right":{"aggregate":[21.0,36.0]}},"right":{"weight":0.04511833190917969,"featureIndex":5,"partition":[true,false,false,false,true,false,false,false,false,false,true,false,false,false,false,true,false,true,false,true,false,true,false,true,false,false,false,false,false,false,false],"left":{"weight":0.12600648403167725,"featureIndex":4,"threshold":159.35546875,"left":{"weight":0.1351894736289978,"featureIndex":2,"threshold":25.948827743530275,"left":{"aggregate":[11.0,2.0]},"right":{"weight":0.04564166069030762,"featureIndex":7,"threshold":23.009765625,"left":{"aggregate":[11.0,17.0]},"right":{"aggregate":[9.0,47.0]}}},"right":{"aggregate":[0.0,37.0]}},"right":{"weight":0.03247910737991333,"featureIndex":3,"threshold":0.3204335868358612,"left":{"weight":0.17270851135253907,"featureIndex":4,"threshold":106.107421875,"left":{"aggregate":[27.0,2.0]},"right":{"weight":0.08184045553207398,"featureIndex":2,"threshold":39.44746017456055,"left":{"aggregate":[30.0,31.0]},"right":{"aggregate":[0.0,6.0]}}},"right":{"weight":0.027625203132629396,"featureIndex":0,"threshold":40.1015625,"left":{"weight":0.10558390617370606,"featureIndex":2,"threshold":24.638280868530275,"left":{"aggregate":[7.0,0.0]},"right":{"weight":0.06416124105453491,"featureIndex":5,"partition":[true,false,false,false,true,false,false,false,false,false,false,false,false,false,false,false,false,true,false,false,false,false,false,false,false,false,false,false,false,false,false],"left":{"aggregate":[24.0,24.0]},"right":{"aggregate":[6.0,23.0]}}},"right":{"aggregate":[8.0,26.0]}}}}}