{"weight":0.14713740348815919,"featureIndex":4,"threshold":130.205078125,"left":{"weight":0.08819222450256348,"featureIndex":0,"threshold":28.03125,"left":{"weight":0.04583066701889038,"featureIndex":4,"threshold":106.107421875,"left":{"weight":0.0401136577129364,"featureIndex":1,"threshold":59.484375,"left":{"aggregate":[57.0,2.0]},"right":{"aggregate":[34.0,7.0]}},"right":{"weight":0.07780826091766358,"featureIndex":2,"threshold":28.963085174560548,"left":{"aggregate":[24.0,3.0]},"right":{"aggregate":[24.0,16.0]}}},"right":{"weight":0.1380886435508728,"featureIndex":2,"threshold":26.997264862060548,"left":{"aggregate":[31.0,3.0]},"right":{"weight":0.05311763286590576,"featureIndex":2,"threshold":39.05429458618164,"left":{"weight":0.0646735429763794,"featureIndex":4,"threshold":88.228515625,"left":{"aggregate":[13.0,3.0]},"right":{"weight":0.07782900333404541,"featureIndex":3,"threshold":0.5582929849624634,"left":{"weight":0.054894089698791507,"featureIndex":2,"threshold":35.12265396118164,"left":{"aggregate":[20.0,28.0]},"right":{"aggregate":[13.0,5.0]}},"right":{"aggregate":[5.0,25.0]}}},"right":{"aggregate":[2.0,17.0]}}}},"right":{"weight":0.028859615325927736,"featureIndex":0,"threshold":24.046875,"left":{"aggregate":[14.0,20.0]},"right":{"weight":0.041185855865478519,"featureIndex":0,"threshold":62.015625,"left":{"weight":0.02515721321105957,"featureIndex":3,"threshold":0.17863281071186067,"left":{"aggregate":[0.0,16.0]},"right":{"weight":0.027409017086029054,"featureIndex":2,"threshold":29.749412536621095,"left":{"aggregate":[8.0,15.0]},"right":{"weight":0.021841466426849366,"featureIndex":2,"threshold":30.928905487060548,"left":{"aggregate":[0.0,12.0]},"right":{"weight":0.032316386699676517,"featureIndex":6,"threshold":62.19140625,"left":{"aggregate":[0.0,14.0]},"right":{"weight":0.026528358459472657,"featureIndex":4,"threshold":138.3671875,"left":{"aggregate":[5.0,9.0]},"right":{"weight":0.058548569679260257,"featureIndex":5,"partition":[true,false,true,false,false,false,false,false,false,true,true,false,true,false,false,true,false,true,false,true,false,true,false,true,false,true,false,false,false,false,false],"left":{"aggregate":[0.0,19.0]},"right":{"aggregate":[11.0,50.0]}}}}}}},"right":{"aggregate":[6.0,4.0]}}}}