{"weight":0.0829172134399414,"featureIndex":0,"threshold":27.09375,"left":{"weight":0.14726966619491578,"featureIndex":2,"threshold":30.928905487060548,"left":{"weight":0.053781718015670779,"featureIndex":7,"threshold":19.142578125,"left":{"aggregate":[52.0,7.0]},"right":{"aggregate":[37.0,0.0]}},"right":{"weight":0.04928010702133179,"featureIndex":6,"threshold":30.0234375,"left":{"aggregate":[0.0,5.0]},"right":{"weight":0.06672132015228272,"featureIndex":3,"threshold":1.253574252128601,"left":{"weight":0.14899498224258424,"featureIndex":4,"threshold":158.189453125,"left":{"weight":0.05405008792877197,"featureIndex":4,"threshold":127.095703125,"left":{"aggregate":[49.0,15.0]},"right":{"aggregate":[13.0,14.0]}},"right":{"aggregate":[1.0,14.0]}},"right":{"aggregate":[0.0,6.0]}}}},"right":{"weight":0.051272690296173099,"featureIndex":2,"threshold":27.39042854309082,"left":{"aggregate":[35.0,17.0]},"right":{"weight":0.03112649917602539,"featureIndex":5,"partition":[true,false,true,false,false,false,true,false,true,false,false,false,true,true,true,false,false,false,false,false,false,false,false,false,false,true,false,true,false,true,false],"left":{"weight":0.13062423467636109,"featureIndex":4,"threshold":157.0234375,"left":{"weight":0.06831622123718262,"featureIndex":2,"threshold":42.98593521118164,"left":{"weight":0.05765354633331299,"featureIndex":3,"threshold":0.3204335868358612,"left":{"aggregate":[33.0,15.0]},"right":{"aggregate":[22.0,32.0]}},"right":{"aggregate":[0.0,7.0]}},"right":{"aggregate":[1.0,26.0]}},"right":{"weight":0.14333611726760865,"featureIndex":4,"threshold":103.38671875,"left":{"aggregate":[17.0,10.0]},"right":{"weight":0.04580742120742798,"featureIndex":3,"threshold":0.42106640338897707,"left":{"aggregate":[11.0,41.0]},"right":{"aggregate":[3.0,59.0]}}}}}}